{
  "ok": true,
  "since": null,
  "until": null,
  "totals": {
    "totalTrades": 1,
    "openTrades": 0,
    "closedTrades": 1,
    "wins": 1,
    "losses": 0,
    "winRate": 100,
    "closedPnl": 42.212002924875605,
    "profitFactor": null,
    "avgWin": 42.212002924875605,
    "avgLoss": 0,
    "expectancy": 42.212002924875605,
    "grossWin": 42.212002924875605,
    "grossLoss": 0
  },
  "breakdown": {
    "byRank": [
      {
        "bucket": "60-69",
        "n": 1,
        "wins": 1,
        "losses": 0,
        "pnl": 42.212002924875605
      }
    ],
    "byRR": [
      {
        "bucket": "2.0+",
        "n": 1,
        "wins": 1,
        "losses": 0,
        "pnl": 42.212002924875605
      }
    ],
    "byExitReason": [
      {
        "reason": "PHASE_LEAVE_100",
        "n": 1,
        "wins": 1,
        "losses": 0,
        "pnl": 42.212002924875605
      }
    ],
    "byTriggerReason": []
  }
}