{
  "run_id": "phase-i-v11-1776897135",
  "policies": {
    "STATUS_QUO": {
      "n": 177,
      "total": 62.53017407903419,
      "wr": 51.9774011299435,
      "avg_w": 1.853398975994939,
      "avg_l": -1.3331176754629654,
      "pf": 1.5790767551692402,
      "median": 0.11925212947189441
    },
    "SINGLE_EXIT": {
      "n": 177,
      "total": 30.67034149212003,
      "wr": 36.72316384180791,
      "avg_w": 2.7400804230003994,
      "avg_l": -1.4314066602223876,
      "pf": 1.208026351995928,
      "median": -0.25358692025358387
    },
    "TRIM_25": {
      "n": 177,
      "total": 58.309742133405365,
      "wr": 46.89265536723164,
      "avg_w": 2.202268393412911,
      "avg_l": -1.3830948279985136,
      "pf": 1.4684321064536583,
      "median": -0.03676605757564405
    },
    "TRIM_75": {
      "n": 177,
      "total": 113.58854341597603,
      "wr": 61.5819209039548,
      "avg_w": 1.9127350708238704,
      "avg_l": -1.4828059266222788,
      "pf": 2.196934109184157,
      "median": 0.39223431211804977
    },
    "MFE_LOCK": {
      "n": 177,
      "total": 297.30941269691016,
      "wr": 70.62146892655367,
      "avg_w": 2.378475301575281,
      "avg_l": 0,
      "pf": null,
      "median": 0.7967146170573938
    },
    "NO_RUNNER_CAP": {
      "n": 177,
      "total": 340.70526269691015,
      "wr": 89.83050847457628,
      "avg_w": 2.1428003943201896,
      "avg_l": 0,
      "pf": null,
      "median": 1.125441282657211
    }
  },
  "trim_count": 114
}