{
  "ok": true,
  "since": null,
  "until": null,
  "totals": {
    "totalTrades": 6,
    "openTrades": 0,
    "closedTrades": 6,
    "wins": 5,
    "losses": 1,
    "winRate": 83.33333333333334,
    "closedPnl": 54.8036202884986,
    "profitFactor": 19.00116247742816,
    "avgWin": 11.569613848647581,
    "avgLoss": 3.044448954739307,
    "expectancy": 9.133936714749767,
    "grossWin": 57.8480692432379,
    "grossLoss": 3.044448954739307
  },
  "breakdown": {
    "byRank": [
      {
        "bucket": "60-69",
        "n": 1,
        "wins": 0,
        "losses": 1,
        "pnl": -3.044448954739307
      },
      {
        "bucket": "70-79",
        "n": 3,
        "wins": 3,
        "losses": 0,
        "pnl": 20.88056814892971
      },
      {
        "bucket": "80+",
        "n": 2,
        "wins": 2,
        "losses": 0,
        "pnl": 36.96750109430819
      }
    ],
    "byRR": [
      {
        "bucket": "2.0+",
        "n": 6,
        "wins": 5,
        "losses": 1,
        "pnl": 54.8036202884986
      }
    ],
    "byExitReason": [
      {
        "reason": "replay_end_close",
        "n": 6,
        "wins": 5,
        "losses": 1,
        "pnl": 54.8036202884986
      }
    ],
    "byTriggerReason": []
  }
}